{"avg_loss": 9.30960159166716e-05, "_timestamp": 1729754040.2866, "_runtime": 14972.51815700531, "_step": 233, "_wandb": {"runtime": 14972}}