{"inner_loss": 0.04386266693472862, "_timestamp": 1729770609.9763644, "_runtime": 141.10753726959229, "_step": 6866, "outer_loss": 0.04356463998556137}