{"inner_loss": 0.031737249344587326, "_timestamp": 1729771093.8102264, "_runtime": 135.59106254577637, "_step": 6668, "outer_loss": 0.03951070085167885}