{"inner_loss": 0.076259545981884, "_timestamp": 1729770129.127427, "_runtime": 6.840128183364868, "_step": 99, "_wandb": {"runtime": 6}}