{"loss image 1/1000": 0.08731459081172943, "_timestamp": 1729779859.097428, "_runtime": 4.492594003677368, "_step": 50, "_wandb": {"runtime": 4}}