{"avg_loss": 4.0528480894863605e-05, "_timestamp": 1729734969.5590835, "_runtime": 12925.53997349739, "_step": 205, "_wandb": {"runtime": 12925}}