{"avg_loss": 0.0005101001006551087, "_timestamp": 1729715412.5492933, "_runtime": 653.5998692512512, "_step": 125, "_wandb": {"runtime": 653}}