{"Inner loop loss": 0.18337567150592804, "_timestamp": 1729534891.5292637, "_runtime": 7.101838827133179, "_step": 59}