{"_wandb":{"runtime":3},"_timestamp":1.7297690568166914e+09,"_runtime":3.009353462,"_step":99,"inner_loss":0.06304306536912918}