{"Inner loop loss": 0.1138911247253418, "_timestamp": 1729538413.0028777, "_runtime": 4.172871828079224, "_step": 9, "_wandb": {"runtime": 3}}