{"Inner loop loss epoch 1": 0.25962039828300476, "_timestamp": 1729515850.112467, "_runtime": 318.7212691307068, "_step": 89, "_wandb": {"runtime": 319}}