{"loss image 1/1000": 0.08592803031206131, "_timestamp": 1729779781.725469, "_runtime": 4.467198133468628, "_step": 50, "_wandb": {"runtime": 4}}