{"Inner loop loss": 0.08638794720172882, "_timestamp": 1729536115.3133316, "_runtime": 48.26180648803711, "_step": 703}