{"loss image 1/1000": 0.3946763277053833, "_timestamp": 1729780197.9913473, "_runtime": 4.942331314086914, "_step": 50, "_wandb": {"runtime": 4}}