{"Inner loop loss": 0.24290072917938232, "_timestamp": 1729517568.1332145, "_runtime": 10.977991580963135, "_step": 123}