{"avg_loss": 0.00013898589531891048, "_timestamp": 1729754485.517643, "_runtime": 415.86700105667114, "_step": 13}