{"avg_loss": 0.0003636594337876886, "_timestamp": 1729715451.627115, "_runtime": 26.259555101394653, "_step": 3}