{"inner_loss": 0.06670945137739182, "_timestamp": 1729771998.9802692, "_runtime": 40.14902925491333, "_step": 1866, "outer_loss": 0.036775629967451096}