{"avg_loss": 0.00012013538798782974, "_timestamp": 1729757917.967741, "_runtime": 414.13236594200134, "_step": 6}