{"avg_loss": 0.00014793858281336725, "_timestamp": 1729757741.0783956, "_runtime": 237.24302053451538, "_step": 3}