{"loss image 1/1000": 0.00044188977335579693, "_timestamp": 1729781859.05051, "_runtime": 26.375417947769165, "_step": 968, "_wandb": {"runtime": 25}}