{"loss image 1/1000": 0.0004396554722916335, "_timestamp": 1729780947.9388227, "_runtime": 70.67544770240784, "_step": 3012, "_wandb": {"runtime": 70}}