{"Inner loop loss": 0.08121190965175629, "_timestamp": 1729534844.1825032, "_runtime": 75.09901523590088, "_step": 1259}