{"Inner loop loss": 0.18820057809352875, "_timestamp": 1729517540.0067003, "_runtime": 16.255986213684082, "_step": 215}