{"loss image 1/1000": 0.06358873099088669, "_timestamp": 1729780426.577194, "_runtime": 24.90798306465149, "_step": 1000, "_wandb": {"runtime": 24}}