{"Inner loop loss": 0.13651759922504425, "_timestamp": 1729535822.02496, "_runtime": 15.786622047424316, "_step": 203}