{"Inner loop loss": 0.0787585899233818, "_timestamp": 1729536766.0293462, "_runtime": 248.1565113067627, "_step": 2704, "Outer loop loss": 0.10089124739170074}