{"_step":162,"avg_loss":6.529747042804956e-05,"_wandb":{"runtime":9692},"_timestamp":1.7297678395297463e+09,"_runtime":9692.581851672}