{"Inner loop loss": 0.08503210544586182, "_timestamp": 1729538571.4452841, "_runtime": 120.41807508468628, "_step": 1374, "Outer loop loss": 0.08538199961185455, "_wandb": {"runtime": 120}}