{"_step":209999,"outer_loss":0.027734413743019104,"_wandb":{"runtime":3922},"inner_loss":0.055571213364601135,"_timestamp":1.729776405729183e+09,"_runtime":3922.230742979}