{"avg_loss": 4.854695362155326e-05, "_timestamp": 1729739052.48847, "_runtime": 4065.953339099884, "_step": 160, "_wandb": {"runtime": 4065}}