{"Inner loop loss": 0.05183660611510277, "_timestamp": 1729537859.0339384, "_runtime": 901.5564594268799, "_step": 10338, "Outer loop trainloss": 0.07337905466556549, "Outer loop valloss": 0.08906269818544388}