{"loss image 1/1000": 0.00016017697635106742, "_timestamp": 1729780830.834772, "_runtime": 52.863702058792114, "_step": 2153, "_wandb": {"runtime": 52}}