{"avg_loss": 0.0026949220336973667, "_timestamp": 1729712792.6187475, "_runtime": 9.18596339225769, "_step": 0}