{"loss image 1/1000": 0.06060459464788437, "_timestamp": 1729780250.163413, "_runtime": 4.410207986831665, "_step": 50, "_wandb": {"runtime": 3}}