{"inner_loss": 0.05198882147669792, "_timestamp": 1729769824.5057256, "_runtime": 6.914593696594238, "_step": 99, "_wandb": {"runtime": 6}}