{"loss image 1/1000": 0.11365864425897598, "_timestamp": 1729780056.801287, "_runtime": 4.8490049839019775, "_step": 50, "_wandb": {"runtime": 4}}