{"Inner loop loss epoch 1": 0.09020137786865234, "_timestamp": 1729517163.2695305, "_runtime": 483.2687544822693, "_step": 8193, "Outer loop training-loss1": 0.09020137786865234, "Outer loop validation-loss": 0.08232968300580978, "Inner loop loss epoch 2": 0.07029426097869873, "Outer loop training-loss2": 0.07029426097869873, "Inner loop loss epoch 3": 0.10113628208637238, "Outer loop training-loss3": 0.10113628208637238, "Inner loop loss epoch 4": 0.09418335556983948, "Outer loop training-loss4": 0.09418335556983948, "Inner loop loss epoch 5": 0.08690007030963898, "Outer loop training-loss5": 0.08690007030963898, "Inner loop loss epoch 6": 0.07227914780378342}