{"avg_loss": 0.0007774815894663334, "_timestamp": 1729713072.5713573, "_runtime": 255.48093914985657, "_step": 50, "_wandb": {"runtime": 254}}