{"loss image 1/1000": 0.0004239854752086103, "_timestamp": 1729782197.3015947, "_runtime": 55.76057171821594, "_step": 2314, "_wandb": {"runtime": 55}}