{"Inner loop loss": 0.1513499766588211, "_timestamp": 1729534617.9739873, "_runtime": 24.049776315689087, "_step": 331}