{"_runtime":3.510448656,"_step":99,"_wandb":{"runtime":3},"inner_loss":0.09425047039985657,"_timestamp":1.7297683717252734e+09}