{"inner_loss": 0.15694603323936462, "_timestamp": 1729771791.7127366, "_runtime": 76.15287971496582, "_step": 3557, "step_avg_outer_loss": 0}