{"inner_loss": 0.14681844413280487, "_timestamp": 1729769387.9098108, "_runtime": 5.642661809921265, "_step": 99, "_wandb": {"runtime": 5}}