{"Inner loop loss": 0.17796653509140015, "_timestamp": 1729534877.7114267, "_runtime": 12.68264365196228, "_step": 167}