{"Inner loop loss": 0.13126687705516815, "_timestamp": 1729536454.516494, "_runtime": 102.31369996070862, "_step": 132}