{"inner_loss": 0.12491589039564133, "_timestamp": 1729771668.4981, "_runtime": 7.523491144180298, "_step": 199, "_wandb": {"runtime": 7}}